"ID","RIMais","cible"
"472",1.09343829904683,"0"
"1206",1.02442084737122,"0"
"1357",1.10112150209025,"0"
"2004",1.00483783856034,"0"
"3185",1.03073675949126,"0"
"3347",1.16992765208706,"0"
"3549",1.11953535247594,"1"
"3601",1.1289414874278,"0"
"4917",1.12779638785869,"0"
"6835",1.02897578980774,"0"
"7674",1.02003603130579,"1"
"8132",1.12710109394975,"1"
"8949",1.12410903493874,"0"
"9605",1.04613677151501,"0"
"10627",1.01409946577623,"0"
"10774",1.12137025133707,"0"
"10970",1.05424348511733,"0"
